Km, tipo_Comb
41.000000, 3
28.000000, 1
24.000000, 3